<?xml version="1.0" encoding="UTF-8"?>
<project-private xmlns="http://www.netbeans.org/ns/project-private/1">
    <editor-bookmarks xmlns="http://www.netbeans.org/ns/editor-bookmarks/2" lastBookmarkId="0"/>
    <open-files xmlns="http://www.netbeans.org/ns/projectui-open-files/2">
        <group>
            <file>file:/C:/ProyectoPOO/Proyecto-Inventario-master/InventarioClases/src/Interfaz/UI_Login.java</file>
            <file>file:/C:/ProyectoPOO/Proyecto-Inventario-master/InventarioClases/src/Clases/UpdateBD.java</file>
            <file>file:/C:/ProyectoPOO/Proyecto-Inventario-master/InventarioClases/src/Interfaz/Gestion_Usuarios/UI_UsuarioMod.java</file>
            <file>file:/C:/ProyectoPOO/Proyecto-Inventario-master/InventarioClases/src/Clases/Persona.java</file>
            <file>file:/C:/ProyectoPOO/Proyecto-Inventario-master/InventarioClases/src/Interfaz/Gestion_Usuarios/UI_UsuarioReg.java</file>
            <file>file:/C:/ProyectoPOO/Proyecto-Inventario-master/InventarioClases/src/Interfaz/Gestion_Usuarios/UI_Usuario.java</file>
            <file>file:/C:/ProyectoPOO/Proyecto-Inventario-master/InventarioClases/src/Clases/InsertBD.java</file>
            <file>file:/C:/ProyectoPOO/Proyecto-Inventario-master/InventarioClases/src/Clases/DatosUsuario.java</file>
            <file>file:/C:/ProyectoPOO/Proyecto-Inventario-master/InventarioClases/src/Clases/Usuario.java</file>
            <file>file:/C:/ProyectoPOO/Proyecto-Inventario-master/InventarioClases/src/Interfaz/UI_Menu.java</file>
        </group>
    </open-files>
</project-private>
